{
  "temperature": 0.7873340249061584,
  "threshold": 0.23,
  "val_auc": 0.9657163842321264,
  "test_auc": 0.9683772829767333,
  "overall": {
    "acc": 0.9101,
    "sensitivity": 0.9418,
    "specificity": 0.872,
    "n": 2359
  },
  "per_domain": {
    "clinic": {
      "auc": 0.9208,
      "acc": 0.8516,
      "sensitivity": 0.9144,
      "specificity": 0.7596,
      "n": 1159
    },
    "dermato": {
      "auc": 0.9926,
      "acc": 0.9667,
      "sensitivity": 0.9733,
      "specificity": 0.96,
      "n": 1200
    }
  }
}