{
  "val_best_auc": 0.961970529886572,
  "test": {
    "auc": 0.9653212299616454,
    "acc": 0.8991097922848664,
    "sensitivity": 0.8875096974398758,
    "specificity": 0.9130841121495327
  }
}