{
  "val_best_auc": 0.9639453000772341,
  "test": {
    "auc": 0.9658497857500199,
    "acc": 0.9012293344637559,
    "sensitivity": 0.8797517455391777,
    "specificity": 0.9271028037383178
  }
}